{"cameraMode":{"drawMode":0,"name":"Shaded","section":"Shading Mode"},"sceneLighting":true,"audioPlay":false,"sceneViewState":{"showFog":false,"showMaterialUpdate":false,"showSkybox":true,"showFlares":true,"showImageEffects":true,"showParticleSystems":true},"in2DMode":false,"pivot":{"x":159.6242218017578,"y":19.947473526000978,"z":205.26344299316407},"rotation":{"x":-0.08322330564260483,"y":-0.6560155153274536,"z":0.07310711592435837,"w":-0.7465997934341431},"size":34.2546501159668,"orthographic":false}